{"cameraMode":{"drawMode":0,"name":"Shaded","section":"Shading Mode"},"sceneLighting":true,"audioPlay":false,"sceneViewState":{"showFog":true,"showMaterialUpdate":false,"showSkybox":true,"showFlares":true,"showImageEffects":true,"showParticleSystems":true},"in2DMode":false,"pivot":{"x":-23.061687469482423,"y":-33.019630432128909,"z":-7.721160888671875},"rotation":{"x":-0.4200213849544525,"y":0.035636067390441897,"z":-0.016505267471075059,"w":-0.9067016243934631},"size":59.415733337402347,"orthographic":false}