{"cameraMode":{"drawMode":0,"name":"Shaded","section":"Shading Mode"},"sceneLighting":false,"audioPlay":false,"sceneViewState":{"showFog":true,"showMaterialUpdate":false,"showSkybox":false,"showFlares":true,"showImageEffects":true,"showParticleSystems":true},"in2DMode":false,"pivot":{"x":23.652040481567384,"y":1.5936574935913087,"z":-16.80072021484375},"rotation":{"x":-0.5881697535514832,"y":0.008721672929823399,"z":-0.006338605657219887,"w":-0.8087096214294434},"size":4.800000190734863,"orthographic":false}